Gen, Accuracy
1, 0.260417
2, 0.281250
3, 0.260417
4, 0.260417
5, 0.260417
6, 0.260417
7, 0.260417
8, 0.260417
9, 0.260417
10, 0.260417
11, 0.260417
12, 0.260417
13, 0.260417
14, 0.260417
